Symbol,ETF
AAXJ,Y
ACTX,Y
ACWI,Y
ACWX,Y
ADRA,Y
ADRD,Y
ADRE,Y
ADRU,Y
AGND,Y
AGZD,Y
AIA,Y
AIRR,Y
ALTY,Y
ASET,Y
BBC,Y
BBH,Y
BBP,Y
BFIT,Y
BIB,Y
BICK,Y
BIS,Y
BMLA,Y
BNDX,Y
BOTZ,Y
BTEC,Y
CAPX,Y
CARZ,Y
CATH,Y
CDC,Y
CDL,Y
CEZ,Y
CFA,Y
CFO,Y
CIBR,Y
CID,Y
CIL,Y
CIZ,Y
CNCR,Y
COMT,Y
CRDT,Y
CSA,Y
CSB,Y
CSF,Y
CXSE,Y
DAX,Y
DDBI,Y
DFVL,N
DFVS,N
DGLD,N
DGRE,Y
DGRS,Y
DGRW,Y
DLBL,N
DLBS,N
DSLV,N
DTUL,N
DTUS,N
DTYL,N
DTYS,N
DWAC,Y
DWAQ,Y
DWAS,Y
DWAT,Y
DWFI,Y
DWIN,Y
DWLV,Y
DWTR,Y
DXGE,Y
DXJS,Y
DXKW,Y
DXPS,Y
EDBI,Y
EEMA,Y
EFAS,Y
EMCB,Y
EMCG,Y
EMIF,Y
ENZL,Y
ESG,Y
ESGD,Y
ESGE,Y
ESGG,Y
ESGU,Y
EUFN,Y
EWZS,Y
FAAR,Y
FAB,Y
FAD,Y
FALN,Y
FBZ,Y
FCA,Y
FCAN,Y
FCEF,Y
FCVT,Y
FDIV,Y
FDT,Y
FDTS,Y
FEM,Y
FEMB,Y
FEMS,Y
FEP,Y
FEUZ,Y
FEX,Y
FGM,Y
FHK,Y
FINQ,Y
FINX,Y
FITS,Y
FJP,Y
FKO,Y
FKU,Y
FLAG,Y
FLAT,N
FLN,Y
FMB,Y
FMK,Y
FNK,Y
FNX,Y
FNY,Y
FONE,Y
FPA,Y
FPXI,Y
FSZ,Y
FTA,Y
FTAG,Y
FTC,Y
FTCS,Y
FTGC,Y
FTHI,Y
FTLB,Y
FTRI,Y
FTSL,Y
FTSM,Y
FTW,Y
FTXD,Y
FTXG,Y
FTXH,Y
FTXL,Y
FTXN,Y
FTXO,Y
FTXR,Y
FV,Y
FVC,Y
FYC,Y
FYT,Y
FYX,Y
GENY,Y
GNMA,Y
GNRX,Y
GRID,Y
GULF,Y
HYLS,Y
HYND,Y
HYXE,Y
HYZD,Y
IBB,Y
IBUY,Y
ICLN,Y
IDLB,Y
IEUS,Y
IFEU,Y
IFGL,Y
IFV,Y
IGF,Y
IGOV,Y
IMED,Y
INDY,Y
INFR,Y
IPKW,Y
ISHG,Y
ITEQ,Y
IXUS,Y
JKI,Y
JSMD,Y
JSML,Y
KBWB,Y
KBWD,Y
KBWP,Y
KBWR,Y
KBWY,Y
KRMA,Y
KWEB,Y
LALT,Y
LDRI,Y
LKOR,Y
LMBS,Y
LNGR,Y
LVHD,Y
MAUI,Y
MBSD,Y
MCEF,Y
MCHI,Y
MDIV,Y
MILN,Y
MPCT,Y
OLD,Y
ONEQ,Y
ORG,Y
PAGG,Y
PDBC,Y
PDP,Y
PEY,Y
PEZ,Y
PFI,Y
PFM,Y
PGJ,Y
PHO,Y
PID,Y
PIE,Y
PIO,Y
PIZ,Y
PKW,Y
PLW,Y
PMPT,Y
PNQI,Y
PPH,Y
PRFZ,Y
PRN,Y
PSAU,Y
PSC,Y
PSCC,Y
PSCD,Y
PSCE,Y
PSCF,Y
PSCH,Y
PSCI,Y
PSCM,Y
PSCT,Y
PSCU,Y
PSET,Y
PSL,Y
PTF,Y
PTH,Y
PUI,Y
PXI,Y
PY,Y
PYZ,Y
QABA,Y
QAT,Y
QCLN,Y
QINC,Y
QLC,Y
QQEW,Y
QQQ,Y
QQQC,Y
QQXT,Y
QTEC,Y
QYLD,Y
RDVY,Y
RFAP,Y
RFDI,Y
RFEM,Y
RFEU,Y
ROBO,Y
SCZ,Y
SGQI,Y
SKOR,Y
SKYY,Y
SLIM,Y
SLQD,Y
SMCP,Y
SNLN,Y
SNSR,Y
SOCL,Y
SOXX,Y
SQQQ,Y
SRET,Y
STPP,N
TALL,N
TAPR,N
TDIV,Y
TLT,Y
TQQQ,Y
TUSA,Y
TUTI,Y
TUTT,Y
TVIX,N
TVIZ,N
UAE,Y
UBIO,Y
UBND,Y
UDBI,Y
UGLD,N
USLB,Y
USLV,N
VALX,Y
VBND,Y
VCIT,Y
VCLT,Y
VCSH,Y
VGIT,Y
VGLT,Y
VGSH,Y
VIDI,Y
VIGI,Y
VIIX,N
VIIZ,N
VMBS,Y
VNQI,Y
VONE,Y
VONG,Y
VONV,Y
VRIG,Y
VTHR,Y
VTIP,Y
VTWG,Y
VTWO,Y
VTWV,Y
VUSE,Y
VWOB,Y
VXUS,Y
VYMI,Y
WOOD,Y
XIV,N
YDIV,Y
YLCO,Y
ZBIO,Y
ZIV,N
AADR,Y
ACIM,Y
ACSI,Y
ACWF,Y
ACWV,Y
ADZ,N
AFK,Y
AFTY,Y
AGA,N
AGF,N
AGG,Y
AGGE,Y
AGGP,Y
AGGY,Y
AGQ,Y
AGZ,Y
ALD,Y
ALFA,Y
ALFI,Y
ALTS,Y
AMJ,N
AMLP,Y
AMU,N
AMUB,N
AMZA,Y
AND,Y
ANGL,Y
AOA,Y
AOK,Y
AOM,Y
AOR,Y
ARGT,Y
ARKG,Y
ARKK,Y
ARKQ,Y
ARKW,Y
ASEA,Y
ASHR,Y
ASHS,Y
ASHX,Y
ATMP,N
AUNZ,Y
AUSE,Y
AXJL,Y
AXJV,Y
AYT,N
BAB,Y
BAL,N
BBRC,Y
BCM,N
BDCZ,N
BEMO,Y
BFOR,Y
BIGD,Y
BIL,Y
BIV,Y
BIZD,Y
BJK,Y
BKF,Y
BKLN,Y
BLHY,Y
BLNG,N
BLV,Y
BND,Y
BNDC,Y
BNDS,Y
BNO,Y
BOIL,Y
BOND,Y
BRAQ,Y
BRAZ,Y
BRF,Y
BRZU,Y
BSCH,Y
BSCI,Y
BSCJ,Y
BSCK,Y
BSCL,Y
BSCM,Y
BSCN,Y
BSCO,Y
BSCP,Y
BSCQ,Y
BSJH,Y
BSJI,Y
BSJJ,Y
BSJK,Y
BSJL,Y
BSJM,Y
BSJN,Y
BSJO,Y
BSV,Y
BSWN,Y
BTAL,Y
BUZ,Y
BWX,Y
BWZ,Y
BYLD,Y
BZF,Y
BZQ,Y
CAFE,N
CANE,Y
CAPE,N
CBND,Y
CBON,Y
CEFL,N
CEMB,Y
CEW,Y
CGW,Y
CHAD,Y
CHAU,Y
CHEP,Y
CHIE,Y
CHII,Y
CHIM,Y
CHIQ,Y
CHIX,Y
CHOC,N
CIU,Y
CJNK,Y
CLAW,Y
CLY,Y
CLYH,Y
CMBS,Y
CMDT,Y
CMF,Y
CN,Y
CNDA,Y
CNDF,Y
CNHX,Y
CNSF,Y
CNTR,Y
CNXT,Y
CNY,N
CNYA,Y
COBO,Y
COPX,Y
CORN,Y
CORP,Y
COW,N
COWZ,Y
CPER,Y
CPI,Y
CQQQ,Y
CRAK,Y
CRBN,Y
CRED,Y
CROC,Y
CROP,Y
CSCR,N
CSD,Y
CSJ,Y
CSLS,N
CSM,Y
CTNN,N
CUPM,N
CURE,Y
CUT,Y
CVY,Y
CWB,Y
CWEB,Y
CWI,Y
CWS,Y
CYB,Y
CZA,Y
DAG,N
DBA,Y
DBAP,Y
DBAU,Y
DBAW,Y
DBB,Y
DBBR,Y
DBC,Y
DBE,Y
DBEF,Y
DBEM,Y
DBES,Y
DBEU,Y
DBEZ,Y
DBGR,Y
DBIF,Y
DBIT,Y
DBJP,Y
DBKO,Y
DBMX,Y
DBO,Y
DBP,Y
DBRE,Y
DBS,Y
DBSE,Y
DBSP,Y
DBUK,Y
DBV,Y
DCNG,N
DDEZ,Y
DDG,Y
DDJP,Y
DDLS,Y
DDM,Y
DDP,N
DDWM,Y
DEE,N
DEEF,Y
DEF,Y
DEFA,Y
DEM,Y
DEMG,Y
DES,Y
DESC,Y
DEUS,Y
DEW,Y
DEWJ,Y
DEZU,Y
DFE,Y
DFJ,Y
DFND,Y
DGAZ,N
DGL,Y
DGP,N
DGRO,Y
DGS,Y
DGT,Y
DGZ,N
DHDG,Y
DHS,Y
DHVW,Y
DI,Y
DIA,Y
DIG,Y
DIM,Y
DIRT,N
DIV,Y
DIVA,Y
DIVC,N
DIVI,Y
DIVO,Y
DIVY,Y
DJD,Y
DJP,N
DLN,Y
DLS,Y
DNL,Y
DNO,Y
DOG,Y
DOL,Y
DON,Y
DOO,Y
DPK,Y
DPST,Y
DRIP,Y
DRN,Y
DRR,N
DRV,Y
DRW,Y
DSI,Y
DSUM,Y
DTD,Y
DTH,Y
DTN,Y
DTO,N
DUG,Y
DULL,Y
DUST,Y
DVEM,Y
DVHL,N
DVP,Y
DVY,Y
DVYA,Y
DVYE,Y
DVYL,N
DWM,Y
DWT,Y
DWX,Y
DXD,Y
DXJ,Y
DXJC,Y
DXJF,Y
DXJH,Y
DXJR,Y
DXJT,Y
DXUS,Y
DYB,Y
DYLS,Y
DYY,N
DZK,Y
DZZ,N
EBND,Y
ECH,Y
ECNS,Y
ECON,Y
EDC,Y
EDEN,Y
EDIV,Y
EDOG,Y
EDV,Y
EDZ,Y
EEB,Y
EELV,Y
EEM,Y
EEMO,Y
EEMS,Y
EEMV,Y
EEMX,Y
EES,Y
EET,Y
EEV,Y
EFA,Y
EFAD,Y
EFAV,Y
EFAX,Y
EFFE,Y
EFG,Y
EFNL,Y
EFO,Y
EFU,Y
EFV,Y
EFZ,Y
EGPT,Y
EIDO,Y
EIRL,Y
EIS,Y
ELD,Y
ELKU,Y
EMAG,Y
EMB,Y
EMBH,Y
EMCR,Y
EMDD,Y
EMDV,Y
EMFM,Y
EMGF,Y
EMHY,Y
EMIH,Y
EMLB,N
EMLC,Y
EMLP,Y
EMQQ,Y
EMSA,N
EMSD,Y
EMSH,Y
EMTL,Y
ENFR,Y
ENOR,Y
ENY,Y
EPHE,Y
EPI,Y
EPOL,Y
EPP,Y
EPRF,Y
EPS,Y
EPU,Y
EPV,Y
EQAL,Y
EQL,Y
EQLT,Y
EQWL,Y
EQWM,Y
EQWS,Y
ERGF,Y
ERO,N
ERUS,Y
ERX,Y
ERY,Y
ERYY,Y
ESGF,Y
ESGL,Y
ESGN,Y
ESGS,Y
ESGW,Y
ETHO,Y
EUDG,Y
EUDV,Y
EUFL,Y
EUFS,Y
EUFX,Y
EUM,Y
EUMV,Y
EUO,Y
EURL,Y
EUSA,Y
EUSC,Y
EVX,Y
EWA,Y
EWC,Y
EWD,Y
EWEM,Y
EWG,Y
EWGS,Y
EWH,Y
EWI,Y
EWJ,Y
EWK,Y
EWL,Y
EWM,Y
EWMC,Y
EWN,Y
EWO,Y
EWP,Y
EWQ,Y
EWRE,Y
EWS,Y
EWSC,Y
EWT,Y
EWU,Y
EWUS,Y
EWV,Y
EWW,Y
EWX,Y
EWY,Y
EWZ,Y
EXI,Y
EXT,Y
EYLD,Y
EZA,Y
EZJ,Y
EZM,Y
EZR,Y
EZU,Y
EZY,Y
FAN,Y
FAS,Y
FAUS,Y
FAZ,Y
FAZZ,Y
FBGX,N
FBND,Y
FBT,Y
FCG,Y
FCOM,Y
FCOR,Y
FDD,Y
FDIS,Y
FDL,Y
FDLO,Y
FDM,Y
FDMO,Y
FDN,Y
FDRR,Y
FDVV,Y
FEEU,N
FENY,Y
FEU,Y
FEZ,Y
FFR,Y
FFTY,Y
FGD,Y
FHLC,Y
FIBG,N
FIBR,Y
FIDU,Y
FIEE,N
FIEG,N
FIEU,N
FIGY,N
FIHD,N
FILL,Y
FINU,Y
FINZ,Y
FIW,Y
FLCO,Y
FLEU,Y
FLGE,N
FLLV,Y
FLM,Y
FLOT,Y
FLQD,Y
FLQE,Y
FLQG,Y
FLQH,Y
FLRN,Y
FLRT,Y
FLTB,Y
FLTR,Y
FM,Y
FMAT,Y
FMF,Y
FNCF,Y
FNCL,Y
FNDA,Y
FNDB,Y
FNDC,Y
FNDE,Y
FNDF,Y
FNDX,Y
FNI,Y
FOIL,N
FPE,Y
FPX,Y
FQAL,Y
FRAK,Y
FREL,Y
FRI,Y
FRN,Y
FSTA,Y
FTEC,Y
FTLS,Y
FTSD,Y
FUD,N
FUT,Y
FUTY,Y
FVAL,Y
FVD,Y
FVL,Y
FWDB,Y
FWDD,Y
FWDI,Y
FXA,Y
FXB,Y
FXC,Y
FXCH,Y
FXD,Y
FXE,Y
FXEP,Y
FXEU,Y
FXF,Y
FXG,Y
FXH,Y
FXI,Y
FXJP,Y
FXL,Y
FXN,Y
FXO,Y
FXP,Y
FXR,Y
FXS,Y
FXSG,Y
FXU,Y
FXY,Y
FXZ,Y
FYLD,Y
GAA,Y
GAF,Y
GAL,Y
GAMR,Y
GARD,Y
GASL,Y
GASX,Y
GAZ,N
GBB,N
GBF,Y
GBIL,Y
GCC,Y
GCE,N
GDJJ,Y
GDX,Y
GDXJ,Y
GDXS,Y
GDXX,Y
GEM,Y
GEUR,Y
GEX,Y
GGOV,Y
GHE,Y
GHII,Y
GHS,Y
GHYG,Y
GII,Y
GIVE,Y
GLD,Y
GLL,Y
GLTR,Y
GMF,Y
GML,Y
GMM,Y
GMMB,Y
GMOM,Y
GMTB,Y
GNR,Y
GOEX,Y
GOVT,Y
GQRE,Y
GREK,Y
GRES,Y
GRI,Y
GRN,N
GRWN,N
GSD,Y
GSEU,Y
GSG,Y
GSIE,Y
GSJY,Y
GSLC,Y
GSY,Y
GTAA,Y
GTO,Y
GUNR,Y
GUR,Y
GURI,Y
GURU,Y
GUSH,Y
GVAL,Y
GVI,Y
GVIP,Y
GWL,Y
GWX,Y
GXC,Y
GXF,Y
GXG,Y
GYEN,Y
GYLD,Y
HACK,Y
HACV,Y
HACW,Y
HAHA,Y
HAKD,Y
HAKK,Y
HAO,Y
HAP,Y
HAUD,Y
HAWX,Y
HCRF,Y
HDAW,Y
HDEE,Y
HDEF,Y
HDEZ,Y
HDG,Y
HDGE,Y
HDLS,Y
HDLV,N
HDMV,Y
HDRW,Y
HDV,Y
HDWM,Y
HDWX,Y
HECO,Y
HEDJ,Y
HEEM,Y
HEFA,Y
HEFV,Y
HEMV,Y
HEUS,Y
HEUV,Y
HEVY,N
HEWC,Y
HEWG,Y
HEWI,Y
HEWJ,Y
HEWL,Y
HEWP,Y
HEWU,Y
HEWW,Y
HEWY,Y
HEZU,Y
HFEZ,Y
HFXE,Y
HFXI,Y
HFXJ,Y
HGEU,Y
HGI,Y
HGJP,Y
HGSD,Y
HHYX,Y
HILO,Y
HIPS,Y
HJPX,Y
HOLD,Y
HOML,N
HSCZ,Y
HSPX,Y
HTUS,Y
HUSE,Y
HUSV,Y
HVPW,Y
HYD,Y
HYDD,Y
HYEM,Y
HYG,Y
HYGH,Y
HYHG,Y
HYIH,Y
HYLB,Y
HYLD,Y
HYMB,Y
HYS,Y
HYXU,Y
IAGG,Y
IAI,Y
IAK,Y
IAT,Y
IAU,Y
IBCC,Y
IBCD,Y
IBCE,Y
IBDB,Y
IBDC,Y
IBDD,Y
IBDH,Y
IBDJ,Y
IBDK,Y
IBDL,Y
IBDM,Y
IBDN,Y
IBDO,Y
IBDP,Y
IBDQ,Y
IBDR,Y
IBLN,Y
IBMF,Y
IBMG,Y
IBMH,Y
IBMI,Y
IBMJ,Y
IBMK,Y
IBND,Y
ICF,Y
ICI,N
ICN,Y
ICOL,Y
ICSH,Y
ICVT,Y
IDHD,Y
IDHQ,Y
IDLV,Y
IDMO,Y
IDOG,Y
IDU,Y
IDV,Y
IDX,Y
IEF,Y
IEFA,Y
IEI,Y
IEMG,Y
IEO,Y
IEUR,Y
IEV,Y
IEZ,Y
IFIX,Y
IFLY,Y
IGE,Y
IGEM,Y
IGHG,Y
IGIH,Y
IGM,Y
IGN,Y
IGRO,Y
IGV,Y
IGVT,Y
IHDG,Y
IHE,Y
IHF,Y
IHI,Y
IHY,Y
IJH,Y
IJJ,Y
IJK,Y
IJR,Y
IJS,Y
IJT,Y
ILB,Y
ILF,Y
ILTB,Y
IMLP,N
IMOM,Y
IMTB,Y
IMTM,Y
INCO,Y
INDA,Y
INDF,Y
INDL,Y
INKM,Y
INP,N
INR,N
INTF,Y
INXX,Y
IOIL,Y
IOO,Y
IPAC,Y
IPAY,Y
IPD,Y
IPE,Y
IPF,Y
IPFF,Y
IPK,Y
IPN,Y
IPO,Y
IPOS,Y
IPS,Y
IPU,Y
IPW,Y
IQDE,Y
IQDF,Y
IQDG,Y
IQDY,Y
IQLT,Y
IRV,Y
IRY,Y
ISCF,Y
ISRA,Y
IST,Y
ISTB,Y
ISZE,Y
ITA,Y
ITB,Y
ITE,Y
ITM,Y
ITML,Y
ITMS,Y
ITOT,Y
ITR,Y
IUSB,Y
IUSG,Y
IUSV,Y
IVAL,Y
IVE,Y
IVLU,Y
IVOG,Y
IVOO,Y
IVOV,Y
IVV,Y
IVW,Y
IWB,Y
IWC,Y
IWD,Y
IWF,Y
IWL,Y
IWM,Y
IWN,Y
IWO,Y
IWP,Y
IWR,Y
IWS,Y
IWV,Y
IWX,Y
IWY,Y
IXC,Y
IXG,Y
IXJ,Y
IXN,Y
IXP,Y
IYC,Y
IYE,Y
IYF,Y
IYG,Y
IYH,Y
IYJ,Y
IYK,Y
IYLD,Y
IYM,Y
IYR,Y
IYT,Y
IYW,Y
IYY,Y
IYZ,Y
JDG,Y
JDST,Y
JEM,N
JETS,Y
JHDG,Y
JHMA,Y
JHMC,Y
JHMD,Y
JHME,Y
JHMF,Y
JHMH,Y
JHMI,Y
JHML,Y
JHMM,Y
JHMS,Y
JHMT,Y
JHMU,Y
JJA,N
JJC,N
JJE,N
JJG,N
JJM,N
JJN,N
JJP,N
JJS,N
JJT,N
JKD,Y
JKE,Y
JKF,Y
JKG,Y
JKH,Y
JKJ,Y
JKK,Y
JKL,Y
JNK,Y
JNUG,Y
JO,N
JPEH,Y
JPEM,Y
JPEU,Y
JPGE,Y
JPHF,Y
JPHY,Y
JPIH,Y
JPIN,Y
JPME,Y
JPMV,Y
JPN,Y
JPNH,Y
JPNL,Y
JPSE,Y
JPUS,Y
JPXN,Y
JUNE,Y
JXI,Y
JYN,N
KBA,Y
KBE,Y
KCE,Y
KCNY,Y
KEMP,Y
KFYP,Y
KIE,Y
KLD,Y
KLDW,Y
KLEM,Y
KNOW,Y
KOL,Y
KOLD,Y
KOR,Y
KORU,Y
KRE,Y
KROO,Y
KRS,Y
KRU,Y
KSA,Y
KWT,Y
KXI,Y
LABD,Y
LABS,Y
LABU,Y
LARE,Y
LBJ,Y
LD,N
LDUR,Y
LEAD,Y
LEDD,N
LEMB,Y
LGLV,Y
LIT,Y
LLSC,Y
LLSP,Y
LMLP,N
LOWC,Y
LQD,Y
LQDH,Y
LRET,N
LRGF,Y
LSTK,N
LSVX,Y
LTL,Y
LTPZ,Y
LVHB,Y
LVHE,Y
LVHI,Y
LVL,Y
LWC,Y
MATF,Y
MATH,Y
MBB,Y
MBG,Y
MCRO,Y
MDY,Y
MDYG,Y
MDYV,Y
MEAR,Y
MELT,Y
MENU,Y
MFLA,N
MGC,Y
MGK,Y
MGV,Y
MIDU,Y
MIDZ,Y
MINC,Y
MINT,Y
MLN,Y
MLPA,Y
MLPB,N
MLPC,N
MLPE,N
MLPI,N
MLPJ,Y
MLPQ,N
MLPX,Y
MLPY,N
MLPZ,N
MLTI,Y
MMTM,Y
MNA,Y
MOAT,Y
MOM,Y
MOO,Y
MORL,N
MORT,Y
MOTI,Y
MRGR,Y
MRRL,N
MTK,Y
MTUM,Y
MUB,Y
MUNI,Y
MVIN,Y
MVV,Y
MXI,Y
MYY,Y
MZZ,Y
NAIL,Y
NANR,Y
NASH,Y
NEAR,Y
NFLT,Y
NFO,Y
NFRA,Y
NGE,Y
NINI,N
NLR,Y
NOBL,Y
NORW,Y
NUAG,Y
NUGT,Y
NULG,Y
NULV,Y
NUMG,Y
NUMV,Y
NURE,Y
NUSC,Y
NYF,Y
OAPH,Y
OASI,Y
OEF,Y
OEUH,Y
OEUR,Y
OEW,Y
OIH,Y
OIIL,N
OILB,Y
OILK,Y
OILX,N
OLEM,N
ONEK,Y
ONEO,Y
ONEV,Y
ONEY,Y
ONG,N
OPD,Y
OUNZ,Y
OUSA,Y
OUSM,Y
OVLC,Y
PAF,Y
PAK,Y
PALL,Y
PBD,Y
PBE,Y
PBJ,Y
PBP,Y
PBS,Y
PBW,Y
PCEF,Y
PCY,Y
PDN,Y
PEJ,Y
PEK,Y
PERM,Y
PEX,Y
PFF,Y
PFIG,Y
PFV,Y
PFXF,Y
PGAL,Y
PGD,N
PGF,Y
PGHD,Y
PGHY,Y
PGM,N
PGX,Y
PHB,Y
PHDG,Y
PHYS,Y
PICB,Y
PICK,Y
PILL,Y
PILS,Y
PIN,Y
PJP,Y
PKB,Y
PLND,Y
PMR,Y
PPA,Y
PPLT,Y
PRB,Y
PRF,Y
PRME,Y
PRNT,Y
PSI,Y
PSJ,Y
PSK,Y
PSLV,Y
PSP,Y
PSQ,Y
PSR,Y
PST,Y
PTEU,Y
PTLC,Y
PTM,N
PTMC,Y
PTNQ,Y
PUTW,Y
PUW,Y
PVI,Y
PWB,Y
PWC,Y
PWV,Y
PWZ,Y
PXE,Y
PXF,Y
PXH,Y
PXJ,Y
PXLG,Y
PXLV,Y
PXMG,Y
PXMV,Y
PXQ,Y
PXR,Y
PXSG,Y
PXSV,Y
PZA,Y
PZD,Y
PZI,Y
PZT,Y
QAI,Y
QAUS,Y
QCAN,Y
QDEF,Y
QDEU,Y
QDF,Y
QDYN,Y
QED,Y
QEFA,Y
QEH,Y
QEMM,Y
QESP,Y
QGBR,Y
QGTA,Y
QID,Y
QJPN,Y
QLD,Y
QLS,Y
QLTA,Y
QMN,Y
QMOM,Y
QQQE,Y
QUAL,Y
QUS,Y
QVAL,Y
QVM,Y
QWLD,Y
RALS,Y
RAVI,Y
RBL,Y
RCD,Y
RCOM,Y
RDIV,Y
REET,Y
REGL,Y
REK,Y
REM,Y
REMX,Y
RETL,Y
REW,Y
REZ,Y
RFCI,Y
RFDA,Y
RFFC,Y
RFG,Y
RFUN,Y
RFV,Y
RGI,Y
RGRO,Y
RHS,Y
RIGS,Y
RINF,Y
RING,Y
RISE,Y
RLY,Y
ROAM,Y
RODI,N
RODM,Y
ROGS,Y
ROLA,N
ROM,Y
ROOF,Y
RORE,Y
ROUS,Y
RPG,Y
RPV,Y
RRF,Y
RSP,Y
RSX,Y
RSXJ,Y
RTH,Y
RTLA,N
RTM,Y
RTR,Y
RUSL,Y
RUSS,Y
RVNU,Y
RWJ,Y
RWK,Y
RWL,Y
RWM,Y
RWO,Y
RWR,Y
RWW,Y
RWX,Y
RXD,Y
RXI,Y
RXL,Y
RYE,Y
RYF,Y
RYH,Y
RYJ,Y
RYT,Y
RYU,Y
RZG,Y
RZV,Y
SAA,Y
SAGG,Y
SBB,Y
SBIO,Y
SBM,Y
SBV,N
SCAP,Y
SCC,Y
SCHA,Y
SCHB,Y
SCHC,Y
SCHD,Y
SCHE,Y
SCHF,Y
SCHG,Y
SCHH,Y
SCHM,Y
SCHO,Y
SCHP,Y
SCHR,Y
SCHV,Y
SCHX,Y
SCHZ,Y
SCID,Y
SCIF,Y
SCIJ,Y
SCIN,Y
SCIU,Y
SCIX,Y
SCJ,Y
SCO,Y
SCPB,Y
SCTO,Y
SDD,Y
SDEM,Y
SDIV,Y
SDOG,Y
SDOW,Y
SDP,Y
SDS,Y
SDY,Y
SDYL,N
SEA,Y
SEF,Y
SFHY,Y
SFIG,Y
SFLA,N
SGAR,N
SGDJ,Y
SGDM,Y
SGG,N
SGOL,Y
SH,Y
SHE,Y
SHM,Y
SHNY,Y
SHV,Y
SHY,Y
SHYD,Y
SHYG,Y
SICK,Y
SIJ,Y
SIL,Y
SILJ,Y
SIPE,Y
SIVR,Y
SIZ,Y
SIZE,Y
SJB,Y
SJNK,Y
SKF,Y
SLV,Y
SLVP,Y
SLX,Y
SLY,Y
SLYG,Y
SLYV,Y
SMB,Y
SMD,Y
SMDD,Y
SMDV,Y
SMEZ,Y
SMH,Y
SMHD,N
SMIN,Y
SMK,Y
SMLF,Y
SMLL,Y
SMLV,Y
SMMU,Y
SMMV,Y
SMN,Y
SOIL,Y
SOP,Y
SOVB,Y
SOXL,Y
SOXS,Y
SOYB,Y
SPDN,Y
SPFF,Y
SPHB,Y
SPHD,Y
SPHQ,Y
SPLV,Y
SPLX,N
SPLZ,Y
SPMO,Y
SPPP,Y
SPUN,Y
SPUU,Y
SPVU,Y
SPXE,Y
SPXH,Y
SPXL,Y
SPXN,Y
SPXS,Y
SPXT,Y
SPXU,Y
SPXV,Y
SPY,Y
SPYB,Y
SPYD,Y
SPYG,Y
SPYV,Y
SPYX,Y
SRLN,Y
SRS,Y
SRTY,Y
SSG,Y
SSO,Y
SST,Y
STIP,Y
STOT,Y
STPZ,Y
SUB,Y
SVXY,Y
SYE,Y
SYG,Y
SYLD,Y
SYV,Y
SZK,Y
SZO,N
TAGS,Y
TAN,Y
TAO,Y
TBF,Y
TBT,Y
TBX,Y
TBZ,Y
TCHF,Y
TCTL,Y
TDTF,Y
TDTT,Y
TECL,Y
TECS,Y
TECZ,Y
TFI,Y
TFLO,Y
THD,Y
THHY,Y
THRK,Y
TILT,Y
TIP,Y
TIPX,Y
TIPZ,Y
TLDH,Y
TLEH,Y
TLH,Y
TLO,Y
TLTD,Y
TLTE,Y
TMF,Y
TMV,Y
TNA,Y
TOFR,Y
TOK,Y
TOLZ,Y
TOTL,Y
TPS,Y
TPYP,Y
TRSK,Y
TTAC,Y
TTFS,Y
TTT,Y
TUR,Y
TUZ,Y
TWM,Y
TWOK,Y
TYBS,Y
TYD,Y
TYNS,Y
TYO,Y
TZA,Y
UAG,N
UBC,N
UBG,N
UBM,N
UBN,N
UBR,Y
UBT,Y
UCC,Y
UCI,N
UCIB,N
UCO,Y
UDN,Y
UDOW,Y
UGA,Y
UGAZ,N
UGE,Y
UGL,Y
UHN,Y
UJB,Y
ULE,Y
ULST,Y
UMDD,Y
UMX,Y
UNG,Y
UNL,Y
UOP,Y
UPRO,Y
UPV,Y
UPW,Y
URA,Y
URE,Y
URR,N
URTH,Y
URTY,Y
USAG,Y
USCI,Y
USD,Y
USDU,Y
USFR,Y
USL,Y
USMR,Y
USMV,Y
USO,Y
USRT,Y
USSD,Y
UST,Y
USV,N
USWD,Y
UTES,Y
UTLF,Y
UTLZ,Y
UUP,Y
UVXY,Y
UWM,Y
UWT,Y
UXI,Y
UYG,Y
UYM,Y
VAMO,Y
VAW,Y
VB,Y
VBK,Y
VBR,Y
VCR,Y
VDC,Y
VDE,Y
VEA,Y
VEGA,Y
VEGI,Y
VEU,Y
VFH,Y
VGK,Y
VGT,Y
VHT,Y
VIG,Y
VIOG,Y
VIOO,Y
VIOV,Y
VIS,Y
VIXH,Y
VIXM,Y
VIXY,Y
VLU,Y
VLUE,Y
VMAX,Y
VMIN,Y
VNLA,Y
VNM,Y
VNQ,Y
VO,Y
VOE,Y
VOO,Y
VOOG,Y
VOOV,Y
VOT,Y
VOX,Y
VPL,Y
VPU,Y
VQT,N
VRP,Y
VSS,Y
VT,Y
VTEB,Y
VTI,Y
VTV,Y
VUG,Y
VV,Y
VWO,Y
VXF,Y
VXX,N
VXZ,N
VYM,Y
WBIA,Y
WBIB,Y
WBIC,Y
WBID,Y
WBIE,Y
WBIF,Y
WBIG,Y
WBIH,Y
WBII,Y
WBIL,Y
WBIR,Y
WBIY,Y
WDIV,Y
WDRW,Y
WDTI,Y
WEAR,Y
WEAT,Y
WEET,N
WFHY,Y
WFIG,Y
WIL,N
WIP,Y
WMCR,Y
WPS,Y
WREI,Y
WSKY,Y
WTID,N
WTIU,N
WTRX,Y
WYDE,Y
XAR,Y
XBI,Y
XCEM,Y
XD,Y
XE,Y
XES,Y
XF,Y
XH,Y
XHB,Y
XHE,Y
XHS,Y
XI,Y
XINA,Y
XITK,Y
XIVH,N
XK,Y
XLB,Y
XLE,Y
XLF,Y
XLG,Y
XLI,Y
XLK,Y
XLP,Y
XLRE,Y
XLU,Y
XLV,Y
XLY,Y
XM,Y
XME,Y
XMLV,Y
XMPT,Y
XOP,Y
XPH,Y
XPP,Y
XRLV,Y
XRT,Y
XS,Y
XSD,Y
XSHD,Y
XSLV,Y
XSOE,Y
XSW,Y
XT,Y
XTH,Y
XTL,Y
XTN,Y
XU,Y
XVZ,N
XWEB,Y
XXV,N
YANG,Y
YAO,Y
YCL,Y
YCS,Y
YINN,Y
YLD,Y
YMLI,Y
YMLP,Y
YXI,Y
YYY,Y
ZLRG,Y
ZMLP,Y
ZROZ,Y
ZSL,Y
ZSML,Y
